cic_syscalls_adware,cas,-1,2,20,20,15,100,500,100,0.1,0.6206896551724138,0.2666666666666667,1700,1
cic_syscalls_adware,fcn,-1,2,100,100,15,100,500,100,0.1,0.09523809523809523,0.17391304347826084,100,1
cic_syscalls_adware,mis,-1,2,100,100,15,100,500,100,0.1,0.9523809523809523,0.0,5400,1
cic_syscalls_adware,mfid,200,-1,-1,-1,15,100,500,100,0.1,0.6206896551724138,0.2666666666666667,1000,1
cic_syscalls_adware,fixed,-1,-1,-1,-1,15,100,500,100,0.1,0.4,0.21052631578947367,1500,1
cic_syscalls_adware,cas,-1,2,20,20,15,100,500,100,0.1,0.9523809523809523,0.0,2000,2
cic_syscalls_adware,fcn,-1,2,100,100,15,100,500,100,0.1,0.9523809523809523,0.0,1900,2
cic_syscalls_adware,mis,-1,2,100,100,15,100,500,100,0.1,0.9523809523809523,0.0,2700,2
cic_syscalls_adware,mfid,200,-1,-1,-1,15,100,500,100,0.1,0.9523809523809523,0.0,1500,2
cic_syscalls_adware,fixed,-1,-1,-1,-1,15,100,500,100,0.1,0.9523809523809523,0.0,1500,2
cic_syscalls_adware,cas,-1,2,20,20,15,100,500,100,0.1,0.9523809523809523,0.0,1700,3
cic_syscalls_adware,fcn,-1,2,100,100,15,100,500,100,0.1,0.9523809523809523,0.0,1200,3
cic_syscalls_adware,mis,-1,2,100,100,15,100,500,100,0.1,0.9523809523809523,0.0,1200,3
cic_syscalls_adware,mfid,200,-1,-1,-1,15,100,500,100,0.1,0.8947368421052632,0.3333333333333333,1800,3
cic_syscalls_adware,fixed,-1,-1,-1,-1,15,100,500,100,0.1,0.9268292682926829,0.0,1500,3
cic_syscalls_adware,cas,-1,2,20,20,15,100,500,100,0.1,0.8333333333333334,0.25,1600,4
cic_syscalls_adware,fcn,-1,2,100,100,15,100,500,100,0.1,0.975609756097561,0.6666666666666666,100,4
cic_syscalls_adware,mis,-1,2,100,100,15,100,500,100,0.1,0.9523809523809523,0.0,300,4
cic_syscalls_adware,mfid,200,-1,-1,-1,15,100,500,100,0.1,0.9523809523809523,0.0,700,4
cic_syscalls_adware,fixed,-1,-1,-1,-1,15,100,500,100,0.1,0.975609756097561,0.6666666666666666,1500,4
cic_syscalls_adware,cas,-1,2,20,20,15,100,500,100,0.1,0.7096774193548387,0.3076923076923077,900,5
cic_syscalls_adware,fcn,-1,2,100,100,15,100,500,100,0.1,0.9523809523809523,0.0,800,5
cic_syscalls_adware,mis,-1,2,100,100,15,100,500,100,0.1,0.9523809523809523,0.0,2600,5
cic_syscalls_adware,mfid,200,-1,-1,-1,15,100,500,100,0.1,0.9523809523809523,0.0,900,5
cic_syscalls_adware,fixed,-1,-1,-1,-1,15,100,500,100,0.1,0.9523809523809523,0.0,1500,5
cic_syscalls_adware,cas,-1,2,20,20,15,100,500,100,0.2,0.6874999999999999,0.375,1000,1
cic_syscalls_adware,fcn,-1,2,100,100,15,100,500,100,0.2,0.6874999999999999,0.375,1600,1
cic_syscalls_adware,mis,-1,2,100,100,15,100,500,100,0.2,0.9090909090909091,0.0,500,1
cic_syscalls_adware,mfid,200,-1,-1,-1,15,100,500,100,0.2,0.7096774193548387,0.47058823529411764,2400,1
cic_syscalls_adware,fixed,-1,-1,-1,-1,15,100,500,100,0.2,0.9090909090909091,0.0,1500,1
cic_syscalls_adware,cas,-1,2,20,20,15,100,500,100,0.2,0.5517241379310346,0.31578947368421056,2400,2
cic_syscalls_adware,fcn,-1,2,100,100,15,100,500,100,0.2,0.8837209302325583,0.0,1100,2
cic_syscalls_adware,mis,-1,2,100,100,15,100,500,100,0.2,0.9090909090909091,0.0,1300,2
cic_syscalls_adware,mfid,200,-1,-1,-1,15,100,500,100,0.2,0.8837209302325583,0.0,900,2
cic_syscalls_adware,fixed,-1,-1,-1,-1,15,100,500,100,0.2,0.8837209302325583,0.0,1500,2
cic_syscalls_adware,cas,-1,2,20,20,15,100,500,100,0.2,0.625,0.25,4800,3
cic_syscalls_adware,fcn,-1,2,100,100,15,100,500,100,0.2,0.18181818181818182,0.3076923076923077,400,3
cic_syscalls_adware,mis,-1,2,100,100,15,100,500,100,0.2,0.8837209302325583,0.0,400,3
cic_syscalls_adware,mfid,200,-1,-1,-1,15,100,500,100,0.2,0.9090909090909091,0.0,1400,3
cic_syscalls_adware,fixed,-1,-1,-1,-1,15,100,500,100,0.2,0.9090909090909091,0.0,1500,3
cic_syscalls_adware,cas,-1,2,20,20,15,100,500,100,0.2,0.9090909090909091,0.0,800,4
cic_syscalls_adware,fcn,-1,2,100,100,15,100,500,100,0.2,0.9230769230769231,0.6666666666666665,1000,4
cic_syscalls_adware,mis,-1,2,100,100,15,100,500,100,0.2,0.9090909090909091,0.0,2800,4
cic_syscalls_adware,mfid,200,-1,-1,-1,15,100,500,100,0.2,0.8648648648648648,0.5454545454545454,400,4
cic_syscalls_adware,fixed,-1,-1,-1,-1,15,100,500,100,0.2,0.9090909090909091,0.0,1500,4
cic_syscalls_adware,cas,-1,2,20,20,15,100,500,100,0.2,0.9268292682926829,0.5714285714285715,1800,5
cic_syscalls_adware,fcn,-1,2,100,100,15,100,500,100,0.2,0.6666666666666667,0.26666666666666666,400,5
cic_syscalls_adware,mis,-1,2,100,100,15,100,500,100,0.2,0.7647058823529412,0.4285714285714285,900,5
cic_syscalls_adware,mfid,200,-1,-1,-1,15,100,500,100,0.2,0.9302325581395349,0.4,1300,5
cic_syscalls_adware,fixed,-1,-1,-1,-1,15,100,500,100,0.2,0.9090909090909091,0.0,1500,5
cic_syscalls_adware,cas,-1,2,20,20,15,100,500,100,0.3,0.888888888888889,0.2857142857142857,1500,1
cic_syscalls_adware,fcn,-1,2,100,100,15,100,500,100,0.3,0.5714285714285715,0.5,200,1
cic_syscalls_adware,mis,-1,2,100,100,15,100,500,100,0.3,0.8695652173913044,0.0,2400,1
cic_syscalls_adware,mfid,200,-1,-1,-1,15,100,500,100,0.3,0.33333333333333337,0.42857142857142855,1400,1
cic_syscalls_adware,fixed,-1,-1,-1,-1,15,100,500,100,0.3,0.8333333333333334,0.625,1500,1
cic_syscalls_adware,cas,-1,2,20,20,15,100,500,100,0.3,0.7222222222222223,0.37499999999999994,3100,2
cic_syscalls_adware,fcn,-1,2,100,100,15,100,500,100,0.3,0.8695652173913044,0.0,1900,2
cic_syscalls_adware,mis,-1,2,100,100,15,100,500,100,0.3,0.8695652173913044,0.0,1900,2
cic_syscalls_adware,mfid,200,-1,-1,-1,15,100,500,100,0.3,0.8205128205128205,0.4615384615384615,1600,2
cic_syscalls_adware,fixed,-1,-1,-1,-1,15,100,500,100,0.3,0.8695652173913044,0.0,1500,2
cic_syscalls_adware,cas,-1,2,20,20,15,100,500,100,0.3,0.6874999999999999,0.5,800,3
cic_syscalls_adware,fcn,-1,2,100,100,15,100,500,100,0.3,0.7272727272727274,0.5263157894736842,600,3
cic_syscalls_adware,mis,-1,2,100,100,15,100,500,100,0.3,0.8695652173913044,0.0,900,3
cic_syscalls_adware,mfid,200,-1,-1,-1,15,100,500,100,0.3,0.6874999999999999,0.5,1200,3
cic_syscalls_adware,fixed,-1,-1,-1,-1,15,100,500,100,0.3,0.7647058823529412,0.5555555555555556,1500,3
cic_syscalls_adware,cas,-1,2,20,20,15,100,500,100,0.3,0.9,0.6666666666666666,1000,4
cic_syscalls_adware,fcn,-1,2,100,100,15,100,500,100,0.3,0.8695652173913044,0.0,3400,4
cic_syscalls_adware,mis,-1,2,100,100,15,100,500,100,0.3,0.8695652173913044,0.0,1600,4
cic_syscalls_adware,mfid,200,-1,-1,-1,15,100,500,100,0.3,0.8695652173913044,0.0,2400,4
cic_syscalls_adware,fixed,-1,-1,-1,-1,15,100,500,100,0.3,0.8695652173913044,0.0,1500,4
cic_syscalls_adware,cas,-1,2,20,20,15,100,500,100,0.3,0.9090909090909091,0.5,600,5
cic_syscalls_adware,fcn,-1,2,100,100,15,100,500,100,0.3,0.8636363636363635,0.25,1800,5
cic_syscalls_adware,mis,-1,2,100,100,15,100,500,100,0.3,0.8695652173913044,0.0,2500,5
cic_syscalls_adware,mfid,200,-1,-1,-1,15,100,500,100,0.3,0.8695652173913044,0.0,1100,5
cic_syscalls_adware,fixed,-1,-1,-1,-1,15,100,500,100,0.3,0.8695652173913044,0.0,1500,5
cic_syscalls_adware,cas,-1,2,20,20,15,100,500,100,0.4,0.7692307692307692,0.47058823529411764,1100,1
cic_syscalls_adware,fcn,-1,2,100,100,15,100,500,100,0.4,0.8085106382978724,0.0,3300,1
cic_syscalls_adware,mis,-1,2,100,100,15,100,500,100,0.4,0.851063829787234,0.2222222222222222,900,1
cic_syscalls_adware,mfid,200,-1,-1,-1,15,100,500,100,0.4,0.6,0.5384615384615385,600,1
cic_syscalls_adware,fixed,-1,-1,-1,-1,15,100,500,100,0.4,0.851063829787234,0.2222222222222222,1500,1
cic_syscalls_adware,cas,-1,2,20,20,15,100,500,100,0.4,0.8000000000000002,0.5,1600,2
cic_syscalls_adware,fcn,-1,2,100,100,15,100,500,100,0.4,0.8085106382978724,0.0,1000,2
cic_syscalls_adware,mis,-1,2,100,100,15,100,500,100,0.4,0.8333333333333333,0.0,1000,2
cic_syscalls_adware,mfid,200,-1,-1,-1,15,100,500,100,0.4,0.625,0.5,1900,2
cic_syscalls_adware,fixed,-1,-1,-1,-1,15,100,500,100,0.4,0.851063829787234,0.2222222222222222,1500,2
cic_syscalls_adware,cas,-1,2,20,20,15,100,500,100,0.4,0.625,0.5,1200,3
cic_syscalls_adware,fcn,-1,2,100,100,15,100,500,100,0.4,0.2608695652173913,0.48484848484848486,1400,3
cic_syscalls_adware,mis,-1,2,100,100,15,100,500,100,0.4,0.8085106382978724,0.0,700,3
cic_syscalls_adware,mfid,200,-1,-1,-1,15,100,500,100,0.4,0.888888888888889,0.5454545454545454,1500,3
cic_syscalls_adware,fixed,-1,-1,-1,-1,15,100,500,100,0.4,0.8333333333333333,0.0,1500,3
cic_syscalls_adware,cas,-1,2,20,20,15,100,500,100,0.4,0.8648648648648648,0.7368421052631579,3600,4
cic_syscalls_adware,fcn,-1,2,100,100,15,100,500,100,0.4,0.8333333333333333,0.0,1000,4
cic_syscalls_adware,mis,-1,2,100,100,15,100,500,100,0.4,0.8333333333333333,0.0,1000,4
cic_syscalls_adware,mfid,200,-1,-1,-1,15,100,500,100,0.4,0.7826086956521738,0.0,1700,4
cic_syscalls_adware,fixed,-1,-1,-1,-1,15,100,500,100,0.4,0.7272727272727274,0.608695652173913,1500,4
cic_syscalls_adware,cas,-1,2,20,20,15,100,500,100,0.4,0.7826086956521738,0.0,1100,5
cic_syscalls_adware,fcn,-1,2,100,100,15,100,500,100,0.4,0.8333333333333333,0.0,2100,5
cic_syscalls_adware,mis,-1,2,100,100,15,100,500,100,0.4,0.8260869565217392,0.2,3100,5
cic_syscalls_adware,mfid,200,-1,-1,-1,15,100,500,100,0.4,0.8085106382978724,0.0,400,5
cic_syscalls_adware,fixed,-1,-1,-1,-1,15,100,500,100,0.4,0.8095238095238095,0.42857142857142855,1500,5
cic_syscalls_adware,cas,-1,2,20,20,15,100,500,200,0.1,0.6874999999999999,0.16666666666666669,1100,1
cic_syscalls_adware,fcn,-1,2,100,100,15,100,500,200,0.1,0.9397590361445783,0.0,900,1
cic_syscalls_adware,mis,-1,2,100,100,15,100,500,200,0.1,0.9523809523809523,0.0,2900,1
cic_syscalls_adware,mfid,200,-1,-1,-1,15,100,500,200,0.1,0.8333333333333334,0.25,600,1
cic_syscalls_adware,fixed,-1,-1,-1,-1,15,100,500,200,0.1,0.9523809523809523,0.0,1500,1
cic_syscalls_adware,cas,-1,2,20,20,15,100,500,200,0.1,0.5862068965517241,0.19999999999999998,1500,2
cic_syscalls_adware,fcn,-1,2,100,100,15,100,500,200,0.1,0.7761194029850746,0.2857142857142857,100,2
cic_syscalls_adware,mis,-1,2,100,100,15,100,500,200,0.1,0.9523809523809523,0.0,4100,2
cic_syscalls_adware,mfid,200,-1,-1,-1,15,100,500,200,0.1,0.5614035087719298,0.19354838709677416,1000,2
cic_syscalls_adware,fixed,-1,-1,-1,-1,15,100,500,200,0.1,0.71875,0.24999999999999997,1500,2
cic_syscalls_adware,cas,-1,2,20,20,15,100,500,200,0.1,0.787878787878788,0.3636363636363636,3700,3
cic_syscalls_adware,fcn,-1,2,100,100,15,100,500,200,0.1,0.9333333333333333,0.6153846153846153,200,3
cic_syscalls_adware,mis,-1,2,100,100,15,100,500,200,0.1,0.5964912280701754,0.25806451612903225,400,3
cic_syscalls_adware,mfid,200,-1,-1,-1,15,100,500,200,0.1,0.6774193548387099,0.23076923076923075,900,3
cic_syscalls_adware,fixed,-1,-1,-1,-1,15,100,500,200,0.1,0.9397590361445783,0.0,1500,3
cic_syscalls_adware,cas,-1,2,20,20,15,100,500,200,0.1,0.71875,0.24999999999999997,900,4
cic_syscalls_adware,fcn,-1,2,100,100,15,100,500,200,0.1,0.6333333333333334,0.21428571428571427,100,4
cic_syscalls_adware,mis,-1,2,100,100,15,100,500,200,0.1,0.6874999999999999,0.16666666666666669,1100,4
cic_syscalls_adware,mfid,200,-1,-1,-1,15,100,500,200,0.1,0.09523809523809523,0.17391304347826084,500,4
cic_syscalls_adware,fixed,-1,-1,-1,-1,15,100,500,200,0.1,0.9523809523809523,0.0,1500,4
cic_syscalls_adware,cas,-1,2,20,20,15,100,500,200,0.1,0.9523809523809523,0.0,1600,5
cic_syscalls_adware,fcn,-1,2,100,100,15,100,500,200,0.1,0.9523809523809523,0.0,1500,5
cic_syscalls_adware,mis,-1,2,100,100,15,100,500,200,0.1,0.9523809523809523,0.0,2300,5
cic_syscalls_adware,mfid,200,-1,-1,-1,15,100,500,200,0.1,0.9523809523809523,0.0,300,5
cic_syscalls_adware,fixed,-1,-1,-1,-1,15,100,500,200,0.1,0.9523809523809523,0.0,1500,5
cic_syscalls_adware,cas,-1,2,20,20,15,100,500,200,0.2,0.4727272727272728,0.2926829268292683,1900,1
cic_syscalls_adware,fcn,-1,2,100,100,15,100,500,200,0.2,0.9195402298850576,0.2222222222222222,600,1
cic_syscalls_adware,mis,-1,2,100,100,15,100,500,200,0.2,0.9090909090909091,0.0,600,1
cic_syscalls_adware,mfid,200,-1,-1,-1,15,100,500,200,0.2,0.5357142857142857,0.35,600,1
cic_syscalls_adware,fixed,-1,-1,-1,-1,15,100,500,200,0.2,0.6229508196721311,0.34285714285714286,1500,1
cic_syscalls_adware,cas,-1,2,20,20,15,100,500,200,0.2,0.8533333333333333,0.4761904761904762,2200,2
cic_syscalls_adware,fcn,-1,2,100,100,15,100,500,200,0.2,0.9090909090909091,0.0,2500,2
cic_syscalls_adware,mis,-1,2,100,100,15,100,500,200,0.2,0.9090909090909091,0.0,2500,2
cic_syscalls_adware,mfid,200,-1,-1,-1,15,100,500,200,0.2,0.8837209302325583,0.0,2000,2
cic_syscalls_adware,fixed,-1,-1,-1,-1,15,100,500,200,0.2,0.9090909090909091,0.0,1500,2
cic_syscalls_adware,cas,-1,2,20,20,15,100,500,200,0.2,0.33333333333333337,0.33333333333333337,4800,3
cic_syscalls_adware,fcn,-1,2,100,100,15,100,500,200,0.2,0.5357142857142857,0.35,600,3
cic_syscalls_adware,mis,-1,2,100,100,15,100,500,200,0.2,0.9090909090909091,0.0,2600,3
cic_syscalls_adware,mfid,200,-1,-1,-1,15,100,500,200,0.2,0.9090909090909091,0.0,200,3
cic_syscalls_adware,fixed,-1,-1,-1,-1,15,100,500,200,0.2,0.6874999999999999,0.375,1500,3
cic_syscalls_adware,cas,-1,2,20,20,15,100,500,200,0.2,0.896551724137931,0.0,1000,4
cic_syscalls_adware,fcn,-1,2,100,100,15,100,500,200,0.2,0.9090909090909091,0.0,1000,4
cic_syscalls_adware,mis,-1,2,100,100,15,100,500,200,0.2,0.896551724137931,0.0,1000,4
cic_syscalls_adware,mfid,200,-1,-1,-1,15,100,500,200,0.2,0.896551724137931,0.0,400,4
cic_syscalls_adware,fixed,-1,-1,-1,-1,15,100,500,200,0.2,0.696969696969697,0.3333333333333333,1500,4
cic_syscalls_adware,cas,-1,2,20,20,15,100,500,200,0.2,0.9090909090909091,0.0,4300,5
cic_syscalls_adware,fcn,-1,2,100,100,15,100,500,200,0.2,0.9090909090909091,0.0,2000,5
cic_syscalls_adware,mis,-1,2,100,100,15,100,500,200,0.2,0.9090909090909091,0.0,500,5
cic_syscalls_adware,mfid,200,-1,-1,-1,15,100,500,200,0.2,0.9090909090909091,0.0,400,5
cic_syscalls_adware,fixed,-1,-1,-1,-1,15,100,500,200,0.2,0.9090909090909091,0.0,1500,5
cic_syscalls_adware,cas,-1,2,20,20,15,100,500,200,0.3,0.8791208791208792,0.15384615384615385,700,1
cic_syscalls_adware,fcn,-1,2,100,100,15,100,500,200,0.3,0.7594936708860761,0.24000000000000002,3100,1
cic_syscalls_adware,mis,-1,2,100,100,15,100,500,200,0.3,0.8695652173913044,0.0,1000,1
cic_syscalls_adware,mfid,200,-1,-1,-1,15,100,500,200,0.3,0.4615384615384615,0.4615384615384615,200,1
cic_syscalls_adware,fixed,-1,-1,-1,-1,15,100,500,200,0.3,0.8695652173913044,0.0,1500,1
cic_syscalls_adware,cas,-1,2,20,20,15,100,500,200,0.3,0.8444444444444444,0.0,1800,2
cic_syscalls_adware,fcn,-1,2,100,100,15,100,500,200,0.3,0.857142857142857,0.0,2300,2
cic_syscalls_adware,mis,-1,2,100,100,15,100,500,200,0.3,0.8444444444444444,0.0,2500,2
cic_syscalls_adware,mfid,200,-1,-1,-1,15,100,500,200,0.3,0.888888888888889,0.6086956521739131,700,2
cic_syscalls_adware,fixed,-1,-1,-1,-1,15,100,500,200,0.3,0.857142857142857,0.0,1500,2
cic_syscalls_adware,cas,-1,2,20,20,15,100,500,200,0.3,0.6,0.45454545454545453,4100,3
cic_syscalls_adware,fcn,-1,2,100,100,15,100,500,200,0.3,0.8695652173913044,0.0,1700,3
cic_syscalls_adware,mis,-1,2,100,100,15,100,500,200,0.3,0.8695652173913044,0.0,1800,3
cic_syscalls_adware,mfid,200,-1,-1,-1,15,100,500,200,0.3,0.6451612903225806,0.47619047619047616,200,3
cic_syscalls_adware,fixed,-1,-1,-1,-1,15,100,500,200,0.3,0.8695652173913044,0.0,1500,3
cic_syscalls_adware,cas,-1,2,20,20,15,100,500,200,0.3,0.8764044943820225,0.26666666666666666,1600,4
cic_syscalls_adware,fcn,-1,2,100,100,15,100,500,200,0.3,0.8764044943820225,0.26666666666666666,1600,4
cic_syscalls_adware,mis,-1,2,100,100,15,100,500,200,0.3,0.507936507936508,0.2439024390243903,1200,4
cic_syscalls_adware,mfid,200,-1,-1,-1,15,100,500,200,0.3,0.6575342465753425,0.1935483870967742,400,4
cic_syscalls_adware,fixed,-1,-1,-1,-1,15,100,500,200,0.3,0.619718309859155,0.18181818181818182,1500,4
cic_syscalls_adware,cas,-1,2,20,20,15,100,500,200,0.3,0.7246376811594203,0.4571428571428571,2500,5
cic_syscalls_adware,fcn,-1,2,100,100,15,100,500,200,0.3,0.8539325842696629,0.13333333333333333,2900,5
cic_syscalls_adware,mis,-1,2,100,100,15,100,500,200,0.3,0.4912280701754386,0.3829787234042553,200,5
cic_syscalls_adware,mfid,200,-1,-1,-1,15,100,500,200,0.3,0.7777777777777777,0.5,1700,5
cic_syscalls_adware,fixed,-1,-1,-1,-1,15,100,500,200,0.3,0.857142857142857,0.0,1500,5
cic_syscalls_adware,cas,-1,2,20,20,15,100,500,200,0.4,0.5090909090909091,0.5263157894736842,3500,1
cic_syscalls_adware,fcn,-1,2,100,100,15,100,500,200,0.4,0.7536231884057972,0.6046511627906976,3100,1
cic_syscalls_adware,mis,-1,2,100,100,15,100,500,200,0.4,0.8421052631578948,0.11764705882352941,700,1
cic_syscalls_adware,mfid,200,-1,-1,-1,15,100,500,200,0.4,0.4,0.5161290322580645,500,1
cic_syscalls_adware,fixed,-1,-1,-1,-1,15,100,500,200,0.4,0.8333333333333333,0.0,1500,1
cic_syscalls_adware,cas,-1,2,20,20,15,100,500,200,0.4,0.8333333333333333,0.0,1700,2
cic_syscalls_adware,fcn,-1,2,100,100,15,100,500,200,0.4,0.41379310344827586,0.37037037037037035,2900,2
cic_syscalls_adware,mis,-1,2,100,100,15,100,500,200,0.4,0.8333333333333333,0.0,2400,2
cic_syscalls_adware,mfid,200,-1,-1,-1,15,100,500,200,0.4,0.7804878048780488,0.39999999999999997,400,2
cic_syscalls_adware,fixed,-1,-1,-1,-1,15,100,500,200,0.4,0.8333333333333333,0.0,1500,2
cic_syscalls_adware,cas,-1,2,20,20,15,100,500,200,0.4,0.6956521739130435,0.5116279069767441,800,3
cic_syscalls_adware,fcn,-1,2,100,100,15,100,500,200,0.4,0.8333333333333333,0.0,2400,3
cic_syscalls_adware,mis,-1,2,100,100,15,100,500,200,0.4,0.8333333333333333,0.0,2400,3
cic_syscalls_adware,mfid,200,-1,-1,-1,15,100,500,200,0.4,0.8085106382978724,0.0,2100,3
cic_syscalls_adware,fixed,-1,-1,-1,-1,15,100,500,200,0.4,0.8260869565217392,0.2,1500,3
cic_syscalls_adware,cas,-1,2,20,20,15,100,500,200,0.4,0.6461538461538462,0.5106382978723403,1400,4
cic_syscalls_adware,fcn,-1,2,100,100,15,100,500,200,0.4,0.8210526315789474,0.0,1500,4
cic_syscalls_adware,mis,-1,2,100,100,15,100,500,200,0.4,0.326530612244898,0.4761904761904763,1500,4
cic_syscalls_adware,mfid,200,-1,-1,-1,15,100,500,200,0.4,0.7466666666666666,0.4864864864864864,500,4
cic_syscalls_adware,fixed,-1,-1,-1,-1,15,100,500,200,0.4,0.7733333333333333,0.5405405405405405,1500,4
cic_syscalls_adware,cas,-1,2,20,20,15,100,500,200,0.4,0.8333333333333333,0.0,1500,5
cic_syscalls_adware,fcn,-1,2,100,100,15,100,500,200,0.4,0.8333333333333333,0.0,1700,5
cic_syscalls_adware,mis,-1,2,100,100,15,100,500,200,0.4,0.8333333333333333,0.0,1600,5
cic_syscalls_adware,mfid,200,-1,-1,-1,15,100,500,200,0.4,0.5090909090909091,0.5263157894736842,100,5
cic_syscalls_adware,fixed,-1,-1,-1,-1,15,100,500,200,0.4,0.8333333333333333,0.0,1500,5
cic_syscalls_adware,cas,-1,2,20,20,15,100,500,500,0.1,0.9230769230769231,0.4,2200,1
cic_syscalls_adware,fcn,-1,2,100,100,15,100,500,500,0.1,0.9423076923076924,0.0,100,1
cic_syscalls_adware,mis,-1,2,100,100,15,100,500,500,0.1,0.9423076923076924,0.0,700,1
cic_syscalls_adware,mfid,200,-1,-1,-1,15,100,500,500,0.1,0.7861271676300579,0.21276595744680854,300,1
cic_syscalls_adware,fixed,-1,-1,-1,-1,15,100,500,500,0.1,0.7195121951219512,0.17857142857142855,1500,1
cic_syscalls_adware,cas,-1,2,20,20,15,100,500,500,0.1,0.732919254658385,0.27118644067796605,400,2
cic_syscalls_adware,fcn,-1,2,100,100,15,100,500,500,0.1,0.813953488372093,0.3333333333333333,1700,2
cic_syscalls_adware,mis,-1,2,100,100,15,100,500,500,0.1,0.9473684210526316,0.0,200,2
cic_syscalls_adware,mfid,200,-1,-1,-1,15,100,500,500,0.1,0.9569377990430622,0.18181818181818182,600,2
cic_syscalls_adware,fixed,-1,-1,-1,-1,15,100,500,500,0.1,0.9371980676328503,0.0,1500,2
cic_syscalls_adware,cas,-1,2,20,20,15,100,500,500,0.1,0.8911917098445595,0.22222222222222224,1700,3
cic_syscalls_adware,fcn,-1,2,100,100,15,100,500,500,0.1,0.9523809523809523,0.0,1000,3
cic_syscalls_adware,mis,-1,2,100,100,15,100,500,500,0.1,0.5555555555555556,0.15789473684210525,3200,3
cic_syscalls_adware,mfid,200,-1,-1,-1,15,100,500,500,0.1,0.8854166666666666,0.21428571428571427,300,3
cic_syscalls_adware,fixed,-1,-1,-1,-1,15,100,500,500,0.1,0.7906976744186047,0.25,1500,3
cic_syscalls_adware,cas,-1,2,20,20,15,100,500,500,0.1,0.9405940594059405,0.33333333333333326,4100,4
cic_syscalls_adware,fcn,-1,2,100,100,15,100,500,500,0.1,0.8478260869565217,0.2222222222222222,100,4
cic_syscalls_adware,mis,-1,2,100,100,15,100,500,500,0.1,0.8556149732620321,0.18181818181818182,700,4
cic_syscalls_adware,mfid,200,-1,-1,-1,15,100,500,500,0.1,0.9320388349514563,0.0,400,4
cic_syscalls_adware,fixed,-1,-1,-1,-1,15,100,500,500,0.1,0.9523809523809523,0.0,1500,4
cic_syscalls_adware,cas,-1,2,20,20,15,100,500,500,0.1,0.8092485549132947,0.2978723404255319,800,5
cic_syscalls_adware,fcn,-1,2,100,100,15,100,500,500,0.1,0.850828729281768,0.3076923076923077,1600,5
cic_syscalls_adware,mis,-1,2,100,100,15,100,500,500,0.1,0.9417475728155339,0.14285714285714288,1600,5
cic_syscalls_adware,mfid,200,-1,-1,-1,15,100,500,500,0.1,0.9320388349514563,0.0,900,5
cic_syscalls_adware,fixed,-1,-1,-1,-1,15,100,500,500,0.1,0.9320388349514563,0.0,1500,5
cic_syscalls_adware,cas,-1,2,20,20,15,100,500,500,0.2,0.8930232558139534,0.08000000000000002,3600,1
cic_syscalls_adware,fcn,-1,2,100,100,15,100,500,500,0.2,0.8878504672897196,0.07692307692307691,2900,1
cic_syscalls_adware,mis,-1,2,100,100,15,100,500,500,0.2,0.7796610169491525,0.380952380952381,500,1
cic_syscalls_adware,mfid,200,-1,-1,-1,15,100,500,500,0.2,0.7469879518072288,0.43243243243243246,300,1
cic_syscalls_adware,fixed,-1,-1,-1,-1,15,100,500,500,0.2,0.8730964467005077,0.4186046511627907,1500,1
cic_syscalls_adware,cas,-1,2,20,20,15,100,500,500,0.2,0.8526315789473685,0.43999999999999995,1000,2
cic_syscalls_adware,fcn,-1,2,100,100,15,100,500,500,0.2,0.91324200913242,0.09523809523809523,800,2
cic_syscalls_adware,mis,-1,2,100,100,15,100,500,500,0.2,0.9074074074074074,0.16666666666666669,1200,2
cic_syscalls_adware,mfid,200,-1,-1,-1,15,100,500,500,0.2,0.904109589041096,0.0,200,2
cic_syscalls_adware,fixed,-1,-1,-1,-1,15,100,500,500,0.2,0.7954545454545453,0.4375,1500,2
cic_syscalls_adware,cas,-1,2,20,20,15,100,500,500,0.2,0.8990825688073395,0.0,2400,3
cic_syscalls_adware,fcn,-1,2,100,100,15,100,500,500,0.2,0.8682926829268293,0.2285714285714286,800,3
cic_syscalls_adware,mis,-1,2,100,100,15,100,500,500,0.2,0.8878504672897196,0.07692307692307691,1200,3
cic_syscalls_adware,mfid,200,-1,-1,-1,15,100,500,500,0.2,0.8940092165898618,0.0,200,3
cic_syscalls_adware,fixed,-1,-1,-1,-1,15,100,500,500,0.2,0.8990825688073395,0.0,1500,3
cic_syscalls_adware,cas,-1,2,20,20,15,100,500,500,0.2,0.9090909090909091,0.0,1900,4
cic_syscalls_adware,fcn,-1,2,100,100,15,100,500,500,0.2,0.8940092165898618,0.0,2900,4
cic_syscalls_adware,mis,-1,2,100,100,15,100,500,500,0.2,0.8087431693989071,0.38596491228070173,2900,4
cic_syscalls_adware,mfid,200,-1,-1,-1,15,100,500,500,0.2,0.7613636363636364,0.34375,1700,4
cic_syscalls_adware,fixed,-1,-1,-1,-1,15,100,500,500,0.2,0.9090909090909091,0.0,1500,4
cic_syscalls_adware,cas,-1,2,20,20,15,100,500,500,0.2,0.7745664739884393,0.417910447761194,400,5
cic_syscalls_adware,fcn,-1,2,100,100,15,100,500,500,0.2,0.8768472906403941,0.3243243243243243,200,5
cic_syscalls_adware,mis,-1,2,100,100,15,100,500,500,0.2,0.9090909090909091,0.0,300,5
cic_syscalls_adware,mfid,200,-1,-1,-1,15,100,500,500,0.2,0.64,0.39999999999999997,500,5
cic_syscalls_adware,fixed,-1,-1,-1,-1,15,100,500,500,0.2,0.9090909090909091,0.0,1500,5
cic_syscalls_adware,cas,-1,2,20,20,15,100,500,500,0.3,0.8720379146919431,0.44897959183673464,900,1
cic_syscalls_adware,fcn,-1,2,100,100,15,100,500,500,0.3,0.8695652173913044,0.0,700,1
cic_syscalls_adware,mis,-1,2,100,100,15,100,500,500,0.3,0.8695652173913044,0.0,1400,1
cic_syscalls_adware,mfid,200,-1,-1,-1,15,100,500,500,0.3,0.8481675392670157,0.5797101449275363,100,1
cic_syscalls_adware,fixed,-1,-1,-1,-1,15,100,500,500,0.3,0.819047619047619,0.24,1500,1
cic_syscalls_adware,cas,-1,2,20,20,15,100,500,500,0.3,0.8415841584158417,0.4482758620689655,1100,2
cic_syscalls_adware,fcn,-1,2,100,100,15,100,500,500,0.3,0.868421052631579,0.0625,1200,2
cic_syscalls_adware,mis,-1,2,100,100,15,100,500,500,0.3,0.8672566371681417,0.11764705882352941,300,2
cic_syscalls_adware,mfid,200,-1,-1,-1,15,100,500,500,0.3,0.7337278106508875,0.5054945054945054,400,2
cic_syscalls_adware,fixed,-1,-1,-1,-1,15,100,500,500,0.3,0.8695652173913044,0.0,1500,2
cic_syscalls_adware,cas,-1,2,20,20,15,100,500,500,0.3,0.8733624454148472,0.06451612903225806,1900,3
cic_syscalls_adware,fcn,-1,2,100,100,15,100,500,500,0.3,0.836734693877551,0.5,2200,3
cic_syscalls_adware,mis,-1,2,100,100,15,100,500,500,0.3,0.868421052631579,0.0625,2200,3
cic_syscalls_adware,mfid,200,-1,-1,-1,15,100,500,500,0.3,0.8542713567839195,0.5245901639344263,1800,3
cic_syscalls_adware,fixed,-1,-1,-1,-1,15,100,500,500,0.3,0.8695652173913044,0.0,1500,3
cic_syscalls_adware,cas,-1,2,20,20,15,100,500,500,0.3,0.8045977011494254,0.6046511627906976,2600,4
cic_syscalls_adware,fcn,-1,2,100,100,15,100,500,500,0.3,0.8634361233480176,0.0606060606060606,1300,4
cic_syscalls_adware,mis,-1,2,100,100,15,100,500,500,0.3,0.6533333333333333,0.5272727272727272,2900,4
cic_syscalls_adware,mfid,200,-1,-1,-1,15,100,500,500,0.3,0.8363636363636363,0.1,300,4
cic_syscalls_adware,fixed,-1,-1,-1,-1,15,100,500,500,0.3,0.6787878787878788,0.4421052631578948,1500,4
cic_syscalls_adware,cas,-1,2,20,20,15,100,500,500,0.3,0.6746987951807228,0.425531914893617,800,5
cic_syscalls_adware,fcn,-1,2,100,100,15,100,500,500,0.3,0.868421052631579,0.0625,3200,5
cic_syscalls_adware,mis,-1,2,100,100,15,100,500,500,0.3,0.7251461988304093,0.4719101123595506,1600,5
cic_syscalls_adware,mfid,200,-1,-1,-1,15,100,500,500,0.3,0.8629441624365483,0.5714285714285713,400,5
cic_syscalls_adware,fixed,-1,-1,-1,-1,15,100,500,500,0.3,0.8542713567839195,0.5245901639344263,1500,5
cic_syscalls_adware,cas,-1,2,20,20,15,100,500,500,0.4,0.8333333333333333,0.0,600,1
cic_syscalls_adware,fcn,-1,2,100,100,15,100,500,500,0.4,0.8290598290598291,0.13043478260869565,2600,1
cic_syscalls_adware,mis,-1,2,100,100,15,100,500,500,0.4,0.7853881278538812,0.22950819672131145,200,1
cic_syscalls_adware,mfid,200,-1,-1,-1,15,100,500,500,0.4,0.8431372549019608,0.5789473684210527,100,1
cic_syscalls_adware,fixed,-1,-1,-1,-1,15,100,500,500,0.4,0.8368200836820083,0.04878048780487806,1500,1
cic_syscalls_adware,cas,-1,2,20,20,15,100,500,500,0.4,0.5594405594405595,0.5401459854014599,7100,2
cic_syscalls_adware,fcn,-1,2,100,100,15,100,500,500,0.4,0.8461538461538461,0.21739130434782608,2800,2
cic_syscalls_adware,mis,-1,2,100,100,15,100,500,500,0.4,0.8296943231441047,0.2352941176470588,2100,2
cic_syscalls_adware,mfid,200,-1,-1,-1,15,100,500,500,0.4,0.7160493827160493,0.6101694915254238,300,2
cic_syscalls_adware,fixed,-1,-1,-1,-1,15,100,500,500,0.4,0.8370044052863436,0.30188679245283023,1500,2
cic_syscalls_adware,cas,-1,2,20,20,15,100,500,500,0.4,0.8086956521739131,0.12,400,3
cic_syscalls_adware,fcn,-1,2,100,100,15,100,500,500,0.4,0.8389830508474576,0.13636363636363635,1800,3
cic_syscalls_adware,mis,-1,2,100,100,15,100,500,500,0.4,0.8275862068965517,0.16666666666666669,1900,3
cic_syscalls_adware,mfid,200,-1,-1,-1,15,100,500,500,0.4,0.7486631016042781,0.49462365591397855,400,3
cic_syscalls_adware,fixed,-1,-1,-1,-1,15,100,500,500,0.4,0.6624203821656051,0.5691056910569107,1500,3
cic_syscalls_adware,cas,-1,2,20,20,15,100,500,500,0.4,0.8557692307692307,0.5833333333333334,600,4
cic_syscalls_adware,fcn,-1,2,100,100,15,100,500,500,0.4,0.5633802816901408,0.5507246376811594,1100,4
cic_syscalls_adware,mis,-1,2,100,100,15,100,500,500,0.4,0.7403314917127072,0.5252525252525252,100,4
cic_syscalls_adware,mfid,200,-1,-1,-1,15,100,500,500,0.4,0.8347826086956522,0.24,100,4
cic_syscalls_adware,fixed,-1,-1,-1,-1,15,100,500,500,0.4,0.8333333333333333,0.0,1500,4
cic_syscalls_adware,cas,-1,2,20,20,15,100,500,500,0.4,0.6,0.5384615384615385,2400,5
cic_syscalls_adware,fcn,-1,2,100,100,15,100,500,500,0.4,0.7045454545454546,0.5000000000000001,300,5
cic_syscalls_adware,mis,-1,2,100,100,15,100,500,500,0.4,0.6956521739130436,0.13698630136986303,400,5
cic_syscalls_adware,mfid,200,-1,-1,-1,15,100,500,500,0.4,0.8270042194092827,0.046511627906976744,400,5
cic_syscalls_adware,fixed,-1,-1,-1,-1,15,100,500,500,0.4,0.75,0.5208333333333334,1500,5
cic_syscalls_adware,cas,-1,2,20,20,15,100,500,1000,0.1,0.9491525423728814,0.2222222222222222,700,1
cic_syscalls_adware,fcn,-1,2,100,100,15,100,500,1000,0.1,0.9521531100478469,0.09090909090909091,1100,1
cic_syscalls_adware,mis,-1,2,100,100,15,100,500,1000,0.1,0.9521531100478469,0.09090909090909091,1100,1
cic_syscalls_adware,mfid,200,-1,-1,-1,15,100,500,1000,0.1,0.8997429305912596,0.23529411764705882,500,1
cic_syscalls_adware,fixed,-1,-1,-1,-1,15,100,500,1000,0.1,0.7965116279069768,0.27083333333333337,1500,1
cic_syscalls_adware,cas,-1,2,20,20,15,100,500,1000,0.1,0.9397590361445783,0.0,1000,2
cic_syscalls_adware,fcn,-1,2,100,100,15,100,500,1000,0.1,0.9523809523809523,0.0,1200,2
cic_syscalls_adware,mis,-1,2,100,100,15,100,500,1000,0.1,0.9498806682577566,0.0,1200,2
cic_syscalls_adware,mfid,200,-1,-1,-1,15,100,500,1000,0.1,0.9397590361445783,0.0,2900,2
cic_syscalls_adware,fixed,-1,-1,-1,-1,15,100,500,1000,0.1,0.9473684210526316,0.0,1500,2
cic_syscalls_adware,cas,-1,2,20,20,15,100,500,1000,0.1,0.9516908212560387,0.23076923076923075,2200,3
cic_syscalls_adware,fcn,-1,2,100,100,15,100,500,1000,0.1,0.8092485549132947,0.2978723404255319,2900,3
cic_syscalls_adware,mis,-1,2,100,100,15,100,500,1000,0.1,0.9496402877697843,0.08695652173913045,1400,3
cic_syscalls_adware,mfid,200,-1,-1,-1,15,100,500,1000,0.1,0.9138381201044387,0.4210526315789474,4400,3
cic_syscalls_adware,fixed,-1,-1,-1,-1,15,100,500,1000,0.1,0.9473684210526316,0.0,1500,3
cic_syscalls_adware,cas,-1,2,20,20,15,100,500,1000,0.1,0.8935064935064935,0.2545454545454545,1500,4
cic_syscalls_adware,fcn,-1,2,100,100,15,100,500,1000,0.1,0.9523809523809523,0.0,3900,4
cic_syscalls_adware,mis,-1,2,100,100,15,100,500,1000,0.1,0.9473684210526316,0.0,900,4
cic_syscalls_adware,mfid,200,-1,-1,-1,15,100,500,1000,0.1,0.9145728643216081,0.1904761904761905,300,4
cic_syscalls_adware,fixed,-1,-1,-1,-1,15,100,500,1000,0.1,0.8365650969529086,0.25316455696202533,1500,4
cic_syscalls_adware,cas,-1,2,20,20,15,100,500,1000,0.1,0.7764705882352942,0.24,1500,5
cic_syscalls_adware,fcn,-1,2,100,100,15,100,500,1000,0.1,0.9081632653061226,0.25,500,5
cic_syscalls_adware,mis,-1,2,100,100,15,100,500,1000,0.1,0.9519230769230769,0.16666666666666669,600,5
cic_syscalls_adware,mfid,200,-1,-1,-1,15,100,500,1000,0.1,0.9330024813895781,0.27027027027027023,1000,5
cic_syscalls_adware,fixed,-1,-1,-1,-1,15,100,500,1000,0.1,0.9423076923076924,0.0,1500,5
cic_syscalls_adware,cas,-1,2,20,20,15,100,500,1000,0.2,0.7999999999999999,0.432,900,1
cic_syscalls_adware,fcn,-1,2,100,100,15,100,500,1000,0.2,0.9036697247706421,0.045454545454545456,2800,1
cic_syscalls_adware,mis,-1,2,100,100,15,100,500,1000,0.2,0.8443271767810027,0.4158415841584158,2600,1
cic_syscalls_adware,mfid,200,-1,-1,-1,15,100,500,1000,0.2,0.8021978021978022,0.37931034482758624,200,1
cic_syscalls_adware,fixed,-1,-1,-1,-1,15,100,500,1000,0.2,0.8055555555555555,0.4166666666666667,1500,1
cic_syscalls_adware,cas,-1,2,20,20,15,100,500,1000,0.2,0.8656716417910448,0.3076923076923077,3200,2
cic_syscalls_adware,fcn,-1,2,100,100,15,100,500,1000,0.2,0.9048723897911832,0.163265306122449,2600,2
cic_syscalls_adware,mis,-1,2,100,100,15,100,500,1000,0.2,0.9099307159353349,0.1702127659574468,2400,2
cic_syscalls_adware,mfid,200,-1,-1,-1,15,100,500,1000,0.2,0.7464387464387464,0.31007751937984496,200,2
cic_syscalls_adware,fixed,-1,-1,-1,-1,15,100,500,1000,0.2,0.9099307159353349,0.1702127659574468,1500,2
cic_syscalls_adware,cas,-1,2,20,20,15,100,500,1000,0.2,0.6095890410958904,0.39361702127659576,800,3
cic_syscalls_adware,fcn,-1,2,100,100,15,100,500,1000,0.2,0.8154269972451791,0.42735042735042733,700,3
cic_syscalls_adware,mis,-1,2,100,100,15,100,500,1000,0.2,0.9090909090909091,0.0,1600,3
cic_syscalls_adware,mfid,200,-1,-1,-1,15,100,500,1000,0.2,0.9066059225512528,0.0,400,3
cic_syscalls_adware,fixed,-1,-1,-1,-1,15,100,500,1000,0.2,0.905311778290993,0.1276595744680851,1500,3
cic_syscalls_adware,cas,-1,2,20,20,15,100,500,1000,0.2,0.8443271767810027,0.4158415841584158,1900,4
cic_syscalls_adware,fcn,-1,2,100,100,15,100,500,1000,0.2,0.91324200913242,0.09523809523809523,2900,4
cic_syscalls_adware,mis,-1,2,100,100,15,100,500,1000,0.2,0.7853107344632768,0.39682539682539686,3400,4
cic_syscalls_adware,mfid,200,-1,-1,-1,15,100,500,1000,0.2,0.9066059225512528,0.0,200,4
cic_syscalls_adware,fixed,-1,-1,-1,-1,15,100,500,1000,0.2,0.8435013262599469,0.4271844660194175,1500,4
cic_syscalls_adware,cas,-1,2,20,20,15,100,500,1000,0.2,0.9057471264367816,0.0888888888888889,1800,5
cic_syscalls_adware,fcn,-1,2,100,100,15,100,500,1000,0.2,0.904109589041096,0.0,2900,5
cic_syscalls_adware,mis,-1,2,100,100,15,100,500,1000,0.2,0.9032258064516129,0.4935064935064935,400,5
cic_syscalls_adware,mfid,200,-1,-1,-1,15,100,500,1000,0.2,0.7836257309941521,0.46376811594202894,300,5
cic_syscalls_adware,fixed,-1,-1,-1,-1,15,100,500,1000,0.2,0.8686327077747988,0.5420560747663551,1500,5
cic_syscalls_adware,cas,-1,2,20,20,15,100,500,1000,0.3,0.6959247648902822,0.5174129353233831,1200,1
cic_syscalls_adware,fcn,-1,2,100,100,15,100,500,1000,0.3,0.8733624454148472,0.06451612903225806,1400,1
cic_syscalls_adware,mis,-1,2,100,100,15,100,500,1000,0.3,0.8665207877461706,0.031746031746031744,2400,1
cic_syscalls_adware,mfid,200,-1,-1,-1,15,100,500,1000,0.3,0.8571428571428571,0.1111111111111111,200,1
cic_syscalls_adware,fixed,-1,-1,-1,-1,15,100,500,1000,0.3,0.718562874251497,0.49462365591397855,1500,1
cic_syscalls_adware,cas,-1,2,20,20,15,100,500,1000,0.3,0.7734806629834253,0.4810126582278481,2400,2
cic_syscalls_adware,fcn,-1,2,100,100,15,100,500,1000,0.3,0.8539325842696629,0.13333333333333333,700,2
cic_syscalls_adware,mis,-1,2,100,100,15,100,500,1000,0.3,0.6787878787878788,0.4421052631578948,700,2
cic_syscalls_adware,mfid,200,-1,-1,-1,15,100,500,1000,0.3,0.825,0.4166666666666667,1700,2
cic_syscalls_adware,fixed,-1,-1,-1,-1,15,100,500,1000,0.3,0.8791208791208792,0.15384615384615385,1500,2
cic_syscalls_adware,cas,-1,2,20,20,15,100,500,1000,0.3,0.8042328042328041,0.47887323943661975,1100,3
cic_syscalls_adware,fcn,-1,2,100,100,15,100,500,1000,0.3,0.8226221079691516,0.4732824427480916,1100,3
cic_syscalls_adware,mis,-1,2,100,100,15,100,500,1000,0.3,0.8526785714285714,0.08333333333333334,400,3
cic_syscalls_adware,mfid,200,-1,-1,-1,15,100,500,1000,0.3,0.8646288209606987,0.0,700,3
cic_syscalls_adware,fixed,-1,-1,-1,-1,15,100,500,1000,0.3,0.8584269662921348,0.16000000000000003,1500,3
cic_syscalls_adware,cas,-1,2,20,20,15,100,500,1000,0.3,0.8333333333333333,0.5294117647058824,800,4
cic_syscalls_adware,fcn,-1,2,100,100,15,100,500,1000,0.3,0.8714596949891068,0.03278688524590164,2500,4
cic_syscalls_adware,mis,-1,2,100,100,15,100,500,1000,0.3,0.662251655629139,0.5321100917431193,400,4
cic_syscalls_adware,mfid,200,-1,-1,-1,15,100,500,1000,0.3,0.8521303258145363,0.5123966942148761,400,4
cic_syscalls_adware,fixed,-1,-1,-1,-1,15,100,500,1000,0.3,0.8647450110864746,0.11594202898550725,1500,4
cic_syscalls_adware,cas,-1,2,20,20,15,100,500,1000,0.3,0.8681818181818182,0.27499999999999997,700,5
cic_syscalls_adware,fcn,-1,2,100,100,15,100,500,1000,0.3,0.7624633431085044,0.5474860335195529,2800,5
cic_syscalls_adware,mis,-1,2,100,100,15,100,500,1000,0.3,0.8695652173913044,0.0,2100,5
cic_syscalls_adware,mfid,200,-1,-1,-1,15,100,500,1000,0.3,0.8089887640449438,0.5853658536585367,500,5
cic_syscalls_adware,fixed,-1,-1,-1,-1,15,100,500,1000,0.3,0.8671023965141612,0.0,1500,5
cic_syscalls_adware,cas,-1,2,20,20,15,100,500,1000,0.4,0.7893333333333332,0.5729729729729729,700,1
cic_syscalls_adware,fcn,-1,2,100,100,15,100,500,1000,0.4,0.8379052369077306,0.5911949685534591,1600,1
cic_syscalls_adware,mis,-1,2,100,100,15,100,500,1000,0.4,0.8197424892703862,0.10638297872340426,1600,1
cic_syscalls_adware,mfid,200,-1,-1,-1,15,100,500,1000,0.4,0.7590027700831026,0.5628140703517589,100,1
cic_syscalls_adware,fixed,-1,-1,-1,-1,15,100,500,1000,0.4,0.8326359832635983,0.02439024390243903,1500,1
cic_syscalls_adware,cas,-1,2,20,20,15,100,500,1000,0.4,0.6534653465346534,0.5914396887159533,400,2
cic_syscalls_adware,fcn,-1,2,100,100,15,100,500,1000,0.4,0.8128342245989306,0.6236559139784946,2000,2
cic_syscalls_adware,mis,-1,2,100,100,15,100,500,1000,0.4,0.8378947368421051,0.09411764705882354,1300,2
cic_syscalls_adware,mfid,200,-1,-1,-1,15,100,500,1000,0.4,0.7664041994750657,0.5027932960893855,300,2
cic_syscalls_adware,fixed,-1,-1,-1,-1,15,100,500,1000,0.4,0.7751937984496123,0.4971098265895954,1500,2
cic_syscalls_adware,cas,-1,2,20,20,15,100,500,1000,0.4,0.8227848101265822,0.023255813953488372,600,3
cic_syscalls_adware,fcn,-1,2,100,100,15,100,500,1000,0.4,0.8245243128964059,0.04597701149425287,500,3
cic_syscalls_adware,mis,-1,2,100,100,15,100,500,1000,0.4,0.70404984423676,0.602510460251046,800,3
cic_syscalls_adware,mfid,200,-1,-1,-1,15,100,500,1000,0.4,0.8308351177730193,0.15053763440860213,1300,3
cic_syscalls_adware,fixed,-1,-1,-1,-1,15,100,500,1000,0.4,0.8263736263736263,0.24761904761904763,1500,3
cic_syscalls_adware,cas,-1,2,20,20,15,100,500,1000,0.4,0.7874015748031497,0.547486033519553,300,4
cic_syscalls_adware,fcn,-1,2,100,100,15,100,500,1000,0.4,0.7934782608695652,0.6041666666666666,2700,4
cic_syscalls_adware,mis,-1,2,100,100,15,100,500,1000,0.4,0.8378947368421051,0.09411764705882354,500,4
cic_syscalls_adware,mfid,200,-1,-1,-1,15,100,500,1000,0.4,0.7661971830985915,0.5951219512195122,300,4
cic_syscalls_adware,fixed,-1,-1,-1,-1,15,100,500,1000,0.4,0.8336842105263158,0.07058823529411765,1500,4
cic_syscalls_adware,cas,-1,2,20,20,15,100,500,1000,0.4,0.7540983606557377,0.5360824742268041,500,5
cic_syscalls_adware,fcn,-1,2,100,100,15,100,500,1000,0.4,0.8432203389830508,0.15909090909090906,1300,5
cic_syscalls_adware,mis,-1,2,100,100,15,100,500,1000,0.4,0.8376068376068375,0.1739130434782609,3600,5
cic_syscalls_adware,mfid,200,-1,-1,-1,15,100,500,1000,0.4,0.8181818181818181,0.14285714285714285,200,5
cic_syscalls_adware,fixed,-1,-1,-1,-1,15,100,500,1000,0.4,0.8378947368421051,0.09411764705882354,1500,5
cic_syscalls_adware,no_oversampling,-1,-1,-1,-1,-1,-1,-1,100,0.1,0.9523809523809523,0.0,-1,1
cic_syscalls_adware,no_oversampling,-1,-1,-1,-1,-1,-1,-1,100,0.1,0.9523809523809523,0.0,-1,2
cic_syscalls_adware,no_oversampling,-1,-1,-1,-1,-1,-1,-1,100,0.1,0.9523809523809523,0.0,-1,3
cic_syscalls_adware,no_oversampling,-1,-1,-1,-1,-1,-1,-1,100,0.1,0.9523809523809523,0.0,-1,4
cic_syscalls_adware,no_oversampling,-1,-1,-1,-1,-1,-1,-1,100,0.1,0.9523809523809523,0.0,-1,5
cic_syscalls_adware,no_oversampling,-1,-1,-1,-1,-1,-1,-1,100,0.2,0.9090909090909091,0.0,-1,1
cic_syscalls_adware,no_oversampling,-1,-1,-1,-1,-1,-1,-1,100,0.2,0.9090909090909091,0.0,-1,2
cic_syscalls_adware,no_oversampling,-1,-1,-1,-1,-1,-1,-1,100,0.2,0.9090909090909091,0.0,-1,3
cic_syscalls_adware,no_oversampling,-1,-1,-1,-1,-1,-1,-1,100,0.2,0.9090909090909091,0.0,-1,4
cic_syscalls_adware,no_oversampling,-1,-1,-1,-1,-1,-1,-1,100,0.2,0.9090909090909091,0.0,-1,5
cic_syscalls_adware,no_oversampling,-1,-1,-1,-1,-1,-1,-1,100,0.3,0.8695652173913044,0.0,-1,1
cic_syscalls_adware,no_oversampling,-1,-1,-1,-1,-1,-1,-1,100,0.3,0.8695652173913044,0.0,-1,2
cic_syscalls_adware,no_oversampling,-1,-1,-1,-1,-1,-1,-1,100,0.3,0.8695652173913044,0.0,-1,3
cic_syscalls_adware,no_oversampling,-1,-1,-1,-1,-1,-1,-1,100,0.3,0.8695652173913044,0.0,-1,4
cic_syscalls_adware,no_oversampling,-1,-1,-1,-1,-1,-1,-1,100,0.3,0.8695652173913044,0.0,-1,5
cic_syscalls_adware,no_oversampling,-1,-1,-1,-1,-1,-1,-1,100,0.4,0.8333333333333333,0.0,-1,1
cic_syscalls_adware,no_oversampling,-1,-1,-1,-1,-1,-1,-1,100,0.4,0.8333333333333333,0.0,-1,2
cic_syscalls_adware,no_oversampling,-1,-1,-1,-1,-1,-1,-1,100,0.4,0.8333333333333333,0.0,-1,3
cic_syscalls_adware,no_oversampling,-1,-1,-1,-1,-1,-1,-1,100,0.4,0.8333333333333333,0.0,-1,4
cic_syscalls_adware,no_oversampling,-1,-1,-1,-1,-1,-1,-1,100,0.4,0.8333333333333333,0.0,-1,5
cic_syscalls_adware,no_oversampling,-1,-1,-1,-1,-1,-1,-1,200,0.1,0.9523809523809523,0.0,-1,1
cic_syscalls_adware,no_oversampling,-1,-1,-1,-1,-1,-1,-1,200,0.1,0.9523809523809523,0.0,-1,2
cic_syscalls_adware,no_oversampling,-1,-1,-1,-1,-1,-1,-1,200,0.1,0.9523809523809523,0.0,-1,3
cic_syscalls_adware,no_oversampling,-1,-1,-1,-1,-1,-1,-1,200,0.1,0.9523809523809523,0.0,-1,4
cic_syscalls_adware,no_oversampling,-1,-1,-1,-1,-1,-1,-1,200,0.1,0.9523809523809523,0.0,-1,5
cic_syscalls_adware,no_oversampling,-1,-1,-1,-1,-1,-1,-1,200,0.2,0.9090909090909091,0.0,-1,1
cic_syscalls_adware,no_oversampling,-1,-1,-1,-1,-1,-1,-1,200,0.2,0.9090909090909091,0.0,-1,2
cic_syscalls_adware,no_oversampling,-1,-1,-1,-1,-1,-1,-1,200,0.2,0.9090909090909091,0.0,-1,3
cic_syscalls_adware,no_oversampling,-1,-1,-1,-1,-1,-1,-1,200,0.2,0.9090909090909091,0.0,-1,4
cic_syscalls_adware,no_oversampling,-1,-1,-1,-1,-1,-1,-1,200,0.2,0.9090909090909091,0.0,-1,5
cic_syscalls_adware,no_oversampling,-1,-1,-1,-1,-1,-1,-1,200,0.3,0.8695652173913044,0.0,-1,1
cic_syscalls_adware,no_oversampling,-1,-1,-1,-1,-1,-1,-1,200,0.3,0.8695652173913044,0.0,-1,2
cic_syscalls_adware,no_oversampling,-1,-1,-1,-1,-1,-1,-1,200,0.3,0.8695652173913044,0.0,-1,3
cic_syscalls_adware,no_oversampling,-1,-1,-1,-1,-1,-1,-1,200,0.3,0.8695652173913044,0.0,-1,4
cic_syscalls_adware,no_oversampling,-1,-1,-1,-1,-1,-1,-1,200,0.3,0.8695652173913044,0.0,-1,5
cic_syscalls_adware,no_oversampling,-1,-1,-1,-1,-1,-1,-1,200,0.4,0.8333333333333333,0.0,-1,1
cic_syscalls_adware,no_oversampling,-1,-1,-1,-1,-1,-1,-1,200,0.4,0.8333333333333333,0.0,-1,2
cic_syscalls_adware,no_oversampling,-1,-1,-1,-1,-1,-1,-1,200,0.4,0.8333333333333333,0.0,-1,3
cic_syscalls_adware,no_oversampling,-1,-1,-1,-1,-1,-1,-1,200,0.4,0.8333333333333333,0.0,-1,4
cic_syscalls_adware,no_oversampling,-1,-1,-1,-1,-1,-1,-1,200,0.4,0.8333333333333333,0.0,-1,5
cic_syscalls_adware,no_oversampling,-1,-1,-1,-1,-1,-1,-1,500,0.1,0.9523809523809523,0.0,-1,1
cic_syscalls_adware,no_oversampling,-1,-1,-1,-1,-1,-1,-1,500,0.1,0.9523809523809523,0.0,-1,2
cic_syscalls_adware,no_oversampling,-1,-1,-1,-1,-1,-1,-1,500,0.1,0.9523809523809523,0.0,-1,3
cic_syscalls_adware,no_oversampling,-1,-1,-1,-1,-1,-1,-1,500,0.1,0.9523809523809523,0.0,-1,4
cic_syscalls_adware,no_oversampling,-1,-1,-1,-1,-1,-1,-1,500,0.1,0.9523809523809523,0.0,-1,5
cic_syscalls_adware,no_oversampling,-1,-1,-1,-1,-1,-1,-1,500,0.2,0.9090909090909091,0.0,-1,1
cic_syscalls_adware,no_oversampling,-1,-1,-1,-1,-1,-1,-1,500,0.2,0.9090909090909091,0.0,-1,2
cic_syscalls_adware,no_oversampling,-1,-1,-1,-1,-1,-1,-1,500,0.2,0.9090909090909091,0.0,-1,3
cic_syscalls_adware,no_oversampling,-1,-1,-1,-1,-1,-1,-1,500,0.2,0.9090909090909091,0.0,-1,4
cic_syscalls_adware,no_oversampling,-1,-1,-1,-1,-1,-1,-1,500,0.2,0.9090909090909091,0.0,-1,5
cic_syscalls_adware,no_oversampling,-1,-1,-1,-1,-1,-1,-1,500,0.3,0.8695652173913044,0.0,-1,1
cic_syscalls_adware,no_oversampling,-1,-1,-1,-1,-1,-1,-1,500,0.3,0.8771929824561403,0.125,-1,2
cic_syscalls_adware,no_oversampling,-1,-1,-1,-1,-1,-1,-1,500,0.3,0.8695652173913044,0.0,-1,3
cic_syscalls_adware,no_oversampling,-1,-1,-1,-1,-1,-1,-1,500,0.3,0.8416289592760182,0.10256410256410256,-1,4
cic_syscalls_adware,no_oversampling,-1,-1,-1,-1,-1,-1,-1,500,0.3,0.881057268722467,0.18181818181818182,-1,5
cic_syscalls_adware,no_oversampling,-1,-1,-1,-1,-1,-1,-1,500,0.4,0.8333333333333333,0.0,-1,1
cic_syscalls_adware,no_oversampling,-1,-1,-1,-1,-1,-1,-1,500,0.4,0.8333333333333333,0.0,-1,2
cic_syscalls_adware,no_oversampling,-1,-1,-1,-1,-1,-1,-1,500,0.4,0.8333333333333333,0.0,-1,3
cic_syscalls_adware,no_oversampling,-1,-1,-1,-1,-1,-1,-1,500,0.4,0.8333333333333333,0.0,-1,4
cic_syscalls_adware,no_oversampling,-1,-1,-1,-1,-1,-1,-1,500,0.4,0.8319327731092437,0.047619047619047616,-1,5
cic_syscalls_adware,no_oversampling,-1,-1,-1,-1,-1,-1,-1,1000,0.1,0.9523809523809523,0.0,-1,1
cic_syscalls_adware,no_oversampling,-1,-1,-1,-1,-1,-1,-1,1000,0.1,0.9523809523809523,0.0,-1,2
cic_syscalls_adware,no_oversampling,-1,-1,-1,-1,-1,-1,-1,1000,0.1,0.9523809523809523,0.0,-1,3
cic_syscalls_adware,no_oversampling,-1,-1,-1,-1,-1,-1,-1,1000,0.1,0.9523809523809523,0.0,-1,4
cic_syscalls_adware,no_oversampling,-1,-1,-1,-1,-1,-1,-1,1000,0.1,0.9523809523809523,0.0,-1,5
cic_syscalls_adware,no_oversampling,-1,-1,-1,-1,-1,-1,-1,1000,0.2,0.9090909090909091,0.0,-1,1
cic_syscalls_adware,no_oversampling,-1,-1,-1,-1,-1,-1,-1,1000,0.2,0.9090909090909091,0.0,-1,2
cic_syscalls_adware,no_oversampling,-1,-1,-1,-1,-1,-1,-1,1000,0.2,0.9111617312072893,0.04878048780487806,-1,3
cic_syscalls_adware,no_oversampling,-1,-1,-1,-1,-1,-1,-1,1000,0.2,0.9090909090909091,0.0,-1,4
cic_syscalls_adware,no_oversampling,-1,-1,-1,-1,-1,-1,-1,1000,0.2,0.9090909090909091,0.0,-1,5
cic_syscalls_adware,no_oversampling,-1,-1,-1,-1,-1,-1,-1,1000,0.3,0.8695652173913044,0.0,-1,1
cic_syscalls_adware,no_oversampling,-1,-1,-1,-1,-1,-1,-1,1000,0.3,0.8714596949891068,0.03278688524590164,-1,2
cic_syscalls_adware,no_oversampling,-1,-1,-1,-1,-1,-1,-1,1000,0.3,0.8261964735516373,0.4390243902439024,-1,3
cic_syscalls_adware,no_oversampling,-1,-1,-1,-1,-1,-1,-1,1000,0.3,0.8766519823788547,0.15151515151515152,-1,4
cic_syscalls_adware,no_oversampling,-1,-1,-1,-1,-1,-1,-1,1000,0.3,0.8695652173913044,0.0,-1,5
cic_syscalls_adware,no_oversampling,-1,-1,-1,-1,-1,-1,-1,1000,0.4,0.8112798264642084,0.1212121212121212,-1,1
cic_syscalls_adware,no_oversampling,-1,-1,-1,-1,-1,-1,-1,1000,0.4,0.8403361344537814,0.09523809523809523,-1,2
cic_syscalls_adware,no_oversampling,-1,-1,-1,-1,-1,-1,-1,1000,0.4,0.8333333333333333,0.0,-1,3
cic_syscalls_adware,no_oversampling,-1,-1,-1,-1,-1,-1,-1,1000,0.4,0.8425531914893618,0.1777777777777778,-1,4
cic_syscalls_adware,no_oversampling,-1,-1,-1,-1,-1,-1,-1,1000,0.4,0.8227571115973741,0.21359223300970873,-1,5
